{
  "project_info": {
    "project_number": "46080598468",
    "project_id": "cirk-a651e",
    "storage_bucket": "cirk-a651e.firebasestorage.app"
  },
  "client": [
    {
      "client_info": {
        "mobilesdk_app_id": "1:46080598468:android:f59aefcc7647dca047c491",
        "android_client_info": {
          "package_name": "com.yourcompany.cirk"
        }
      },
      "oauth_client": [
        {
          "client_id": "46080598468-sjtv5fs1gd86iottr0i788hp5c2f0975.apps.googleusercontent.com",
          "client_type": 3
        }
      ],
      "api_key": [
        {
          "current_key": "AIzaSyBtHu8GDs5ZrUlYCQ4nB3FRuLUldS1Xkkw"
        }
      ],
      "services": {
        "appinvite_service": {
          "other_platform_oauth_client": [
            {
              "client_id": "46080598468-sjtv5fs1gd86iottr0i788hp5c2f0975.apps.googleusercontent.com",
              "client_type": 3
            }
          ]
        }
      }
    }
  ],
  "configuration_version": "1"
}